,level_0,index,time,latitude_earthquake,longitude_earthquake,depth,mag,horizontalError,depthError,magError,Date,Volcano Name,Country,Type,Start Date,latitude_eruption,longitude_eruption,VEI,End Date
0,14,84,2014-12-23T22:23:48.060Z,64.6315,-17.505,6.65,4.5,3.0,4.7,0.085,2015-02-01,Bardarbunga,Iceland,Stratovolcano,2014-08-29,64.633,-17.516,0.0,2015-02-27
1,15,128,2014-12-02T02:18:28.000Z,64.666,-17.487,2.5,5.3,6.8,3.9,,2014-11-23,Bardarbunga,Iceland,Stratovolcano,2014-08-29,64.633,-17.516,0.0,2015-02-27
2,405,3808,1996-07-30T01:59:17.470Z,18.9165,-155.2558333,10.922,3.1,1.39,0.72,0.12,1996-08-09,Kama'ehuakanaloa,United States,Submarine volcano,1996-02-25,18.92,-155.27,0.0,1996-08-09
3,406,3810,1996-07-30T00:35:16.470Z,18.9273333,-155.271,12.088,2.61,1.59,0.82,0.15,1996-08-09,Kama'ehuakanaloa,United States,Submarine volcano,1996-02-25,18.92,-155.27,0.0,1996-08-09
4,407,3811,1996-07-29T23:18:45.650Z,18.9011667,-155.2681667,12.428,2.89,2.51,0.95,0.04,1996-08-08,Kama'ehuakanaloa,United States,Submarine volcano,1996-02-25,18.92,-155.27,0.0,1996-08-09
5,408,3812,1996-07-29T23:15:04.340Z,18.9026667,-155.264,11.658,3.36,0.89,0.57,0.09,1996-08-07,Kama'ehuakanaloa,United States,Submarine volcano,1996-02-25,18.92,-155.27,0.0,1996-08-09
6,409,3816,1996-07-29T18:26:07.820Z,18.923,-155.2585,7.031,4.09,2.35,0.87,,1996-08-06,Kama'ehuakanaloa,United States,Submarine volcano,1996-02-25,18.92,-155.27,0.0,1996-08-09
7,410,3817,1996-07-29T18:25:08.420Z,18.8868333,-155.2701667,13.408,3.19,1.02,0.87,0.03,1996-08-06,Kama'ehuakanaloa,United States,Submarine volcano,1996-02-25,18.92,-155.27,0.0,1996-08-09
8,411,3820,1996-07-29T16:31:01.400Z,18.8935,-155.2598333,13.938,3.09,1.22,2.38,0.11,1996-08-05,Kama'ehuakanaloa,United States,Submarine volcano,1996-02-25,18.92,-155.27,0.0,1996-08-09
9,412,3823,1996-07-29T13:46:47.010Z,18.9033333,-155.261,13.068,4.34,2.22,1.25,,1996-08-05,Kama'ehuakanaloa,United States,Submarine volcano,1996-02-25,18.92,-155.27,0.0,1996-08-09
10,413,3825,1996-07-29T12:22:38.120Z,18.9203333,-155.2508333,11.921,3.66,4.04,0.89,,1996-08-04,Kama'ehuakanaloa,United States,Submarine volcano,1996-02-25,18.92,-155.27,0.0,1996-08-09
11,414,3826,1996-07-29T11:13:07.580Z,18.9081667,-155.2663333,11.638,3.13,1.58,0.83,0.15,1996-08-04,Kama'ehuakanaloa,United States,Submarine volcano,1996-02-25,18.92,-155.27,0.0,1996-08-09
12,415,3827,1996-07-29T11:00:33.090Z,18.9185,-155.2746667,14.256,4.53,2.03,1.77,,1996-08-03,Kama'ehuakanaloa,United States,Submarine volcano,1996-02-25,18.92,-155.27,0.0,1996-08-09
13,416,3829,1996-07-29T10:07:36.030Z,18.8915,-155.2571667,16.048,2.92,2.23,13.91,0.14,1996-08-03,Kama'ehuakanaloa,United States,Submarine volcano,1996-02-25,18.92,-155.27,0.0,1996-08-09
14,417,3832,1996-07-29T09:03:30.030Z,18.9121667,-155.2461667,8.972,3.92,1.73,0.75,,1996-08-02,Kama'ehuakanaloa,United States,Submarine volcano,1996-02-25,18.92,-155.27,0.0,1996-08-09
15,418,3833,1996-07-29T08:31:04.440Z,18.8983333,-155.2635,14.748,4.43,2.22,12.49,,1996-08-02,Kama'ehuakanaloa,United States,Submarine volcano,1996-02-25,18.92,-155.27,0.0,1996-08-09
16,419,3834,1996-07-29T08:20:53.740Z,18.9078333,-155.2463333,11.581,3.91,1.69,0.72,,1996-08-02,Kama'ehuakanaloa,United States,Submarine volcano,1996-02-25,18.92,-155.27,0.0,1996-08-09
17,420,3835,1996-07-29T07:58:41.550Z,18.91,-155.2733333,14.698,2.63,1.9,5.28,0.07,1996-08-02,Kama'ehuakanaloa,United States,Submarine volcano,1996-02-25,18.92,-155.27,0.0,1996-08-09
18,421,3837,1996-07-29T07:21:32.840Z,18.8886667,-155.262,13.298,3.74,2.5,1.1,,1996-08-02,Kama'ehuakanaloa,United States,Submarine volcano,1996-02-25,18.92,-155.27,0.0,1996-08-09
19,422,3838,1996-07-29T06:55:56.200Z,18.9106667,-155.2771667,14.328,3.13,1.43,2.27,0.04,1996-08-02,Kama'ehuakanaloa,United States,Submarine volcano,1996-02-25,18.92,-155.27,0.0,1996-08-09
20,423,3839,1996-07-29T06:46:07.930Z,18.8826667,-155.2555,13.241,2.66,4.93,1.84,,1996-08-02,Kama'ehuakanaloa,United States,Submarine volcano,1996-02-25,18.92,-155.27,0.0,1996-08-09
21,424,3841,1996-07-29T06:08:04.830Z,18.9191667,-155.26,13.831,3.29,1.49,1.85,,1996-08-01,Kama'ehuakanaloa,United States,Submarine volcano,1996-02-25,18.92,-155.27,0.0,1996-08-09
22,425,3842,1996-07-29T06:05:35.900Z,18.8851667,-155.261,12.868,2.6,1.43,1.08,0.13,1996-08-01,Kama'ehuakanaloa,United States,Submarine volcano,1996-02-25,18.92,-155.27,0.0,1996-08-09
23,426,3844,1996-07-29T05:20:26.490Z,18.8966667,-155.2578333,13.528,2.74,1.16,1.36,,1996-08-01,Kama'ehuakanaloa,United States,Submarine volcano,1996-02-25,18.92,-155.27,0.0,1996-08-09
24,427,3845,1996-07-29T04:49:40.850Z,18.8865,-155.2613333,12.776,4.02,2.53,1.53,,1996-08-01,Kama'ehuakanaloa,United States,Submarine volcano,1996-02-25,18.92,-155.27,0.0,1996-08-09
25,428,3846,1996-07-29T04:47:10.220Z,18.8885,-155.268,16.868,2.53,4.39,13.35,,1996-08-01,Kama'ehuakanaloa,United States,Submarine volcano,1996-02-25,18.92,-155.27,0.0,1996-08-09
26,429,3848,1996-07-29T04:20:14.580Z,18.8856667,-155.2571667,11.658,2.83,2.37,1.01,,1996-08-01,Kama'ehuakanaloa,United States,Submarine volcano,1996-02-25,18.92,-155.27,0.0,1996-08-09
27,430,3851,1996-07-29T03:34:10.080Z,18.934,-155.2838333,13.878,4.02,1.79,1.14,,1996-07-31,Kama'ehuakanaloa,United States,Submarine volcano,1996-02-25,18.92,-155.27,0.0,1996-08-09
28,431,3854,1996-07-29T03:19:59.590Z,18.8963333,-155.2611667,13.698,4.36,1.77,2.34,,1996-07-31,Kama'ehuakanaloa,United States,Submarine volcano,1996-02-25,18.92,-155.27,0.0,1996-08-09
29,432,3856,1996-07-29T03:09:24.120Z,18.9243333,-155.2881667,14.599,3.24,2.01,3.05,0.04,1996-07-31,Kama'ehuakanaloa,United States,Submarine volcano,1996-02-25,18.92,-155.27,0.0,1996-08-09
30,433,3858,1996-07-29T02:31:14.010Z,18.922,-155.2623333,10.981,2.8,2.74,0.6,,1996-07-30,Kama'ehuakanaloa,United States,Submarine volcano,1996-02-25,18.92,-155.27,0.0,1996-08-09
31,434,3859,1996-07-29T02:13:23.470Z,18.931,-155.2758333,13.888,3.02,2.43,1.45,0.09,1996-07-30,Kama'ehuakanaloa,United States,Submarine volcano,1996-02-25,18.92,-155.27,0.0,1996-08-09
32,435,3860,1996-07-29T01:46:04.400Z,18.8928333,-155.2588333,12.628,2.74,3.15,0.98,0.09,1996-07-30,Kama'ehuakanaloa,United States,Submarine volcano,1996-02-25,18.92,-155.27,0.0,1996-08-09
33,436,3862,1996-07-29T00:49:11.430Z,18.887,-155.269,13.758,2.71,3.65,2.31,0.15,1996-07-30,Kama'ehuakanaloa,United States,Submarine volcano,1996-02-25,18.92,-155.27,0.0,1996-08-09
34,437,3865,1996-07-28T23:34:03.650Z,18.9021667,-155.2621667,12.738,3.93,2.26,1.25,,1996-07-30,Kama'ehuakanaloa,United States,Submarine volcano,1996-02-25,18.92,-155.27,0.0,1996-08-09
35,438,3866,1996-07-28T22:53:33.060Z,18.8956667,-155.2755,11.748,3.21,2.27,0.95,,1996-07-30,Kama'ehuakanaloa,United States,Submarine volcano,1996-02-25,18.92,-155.27,0.0,1996-08-09
36,439,3867,1996-07-28T22:44:47.070Z,18.9396667,-155.262,11.021,4.11,1.02,0.58,,1996-07-30,Kama'ehuakanaloa,United States,Submarine volcano,1996-02-25,18.92,-155.27,0.0,1996-08-09
37,440,3869,1996-07-28T22:04:42.550Z,18.887,-155.2546667,11.258,4.09,2.9,0.88,,1996-07-30,Kama'ehuakanaloa,United States,Submarine volcano,1996-02-25,18.92,-155.27,0.0,1996-08-09
38,441,3870,1996-07-28T21:12:46.910Z,18.8931667,-155.2373333,9.751,3.35,1.3,0.65,,1996-07-30,Kama'ehuakanaloa,United States,Submarine volcano,1996-02-25,18.92,-155.27,0.0,1996-08-09
39,442,3871,1996-07-28T21:06:49.440Z,18.909,-155.2471667,7.361,3.12,3.97,1.42,0.09,1996-07-30,Kama'ehuakanaloa,United States,Submarine volcano,1996-02-25,18.92,-155.27,0.0,1996-08-09
40,443,3872,1996-07-28T20:41:19.630Z,18.8906667,-155.2623333,13.108,2.79,1.58,0.84,0.05,1996-07-30,Kama'ehuakanaloa,United States,Submarine volcano,1996-02-25,18.92,-155.27,0.0,1996-08-09
41,444,3874,1996-07-28T20:09:10.360Z,18.9001667,-155.2591667,13.218,3.09,2.07,1.21,,1996-07-29,Kama'ehuakanaloa,United States,Submarine volcano,1996-02-25,18.92,-155.27,0.0,1996-08-09
42,445,3875,1996-07-28T19:24:19.410Z,18.9068333,-155.2728333,11.228,2.93,2.05,0.62,0.05,1996-07-29,Kama'ehuakanaloa,United States,Submarine volcano,1996-02-25,18.92,-155.27,0.0,1996-08-09
43,446,3877,1996-07-28T19:15:49.330Z,18.8941667,-155.2653333,13.248,3.25,0.99,1.01,0.11,1996-07-29,Kama'ehuakanaloa,United States,Submarine volcano,1996-02-25,18.92,-155.27,0.0,1996-08-09
44,447,3878,1996-07-28T19:09:09.100Z,18.8846667,-155.2645,13.148,2.67,3.18,1.22,0.14,1996-07-29,Kama'ehuakanaloa,United States,Submarine volcano,1996-02-25,18.92,-155.27,0.0,1996-08-09
45,448,3881,1996-07-28T18:07:19.780Z,18.899,-155.2676667,13.328,3.07,1.82,1.23,0.2,1996-07-29,Kama'ehuakanaloa,United States,Submarine volcano,1996-02-25,18.92,-155.27,0.0,1996-08-09
46,449,3883,1996-07-28T17:27:53.610Z,18.9253333,-155.27,7.138,2.91,0.87,1.93,0.07,1996-07-29,Kama'ehuakanaloa,United States,Submarine volcano,1996-02-25,18.92,-155.27,0.0,1996-08-09
47,450,3884,1996-07-28T17:06:27.940Z,18.9131667,-155.2723333,13.998,2.74,1.81,1.63,0.14,1996-07-29,Kama'ehuakanaloa,United States,Submarine volcano,1996-02-25,18.92,-155.27,0.0,1996-08-09
48,451,3886,1996-07-28T15:38:57.320Z,18.9075,-155.2798333,11.948,2.97,2.03,0.79,0.08,1996-07-29,Kama'ehuakanaloa,United States,Submarine volcano,1996-02-25,18.92,-155.27,0.0,1996-08-09
49,452,3887,1996-07-28T15:19:57.970Z,18.9115,-155.2611667,13.618,3.2,1.45,1.69,0.05,1996-07-29,Kama'ehuakanaloa,United States,Submarine volcano,1996-02-25,18.92,-155.27,0.0,1996-08-09
50,453,3888,1996-07-28T15:02:17.540Z,18.8831667,-155.2641667,13.158,3.51,2.47,1.41,,1996-07-29,Kama'ehuakanaloa,United States,Submarine volcano,1996-02-25,18.92,-155.27,0.0,1996-08-09
51,454,3889,1996-07-28T14:28:41.050Z,18.886,-155.2543333,11.798,2.55,3.22,0.99,0.07,1996-07-29,Kama'ehuakanaloa,United States,Submarine volcano,1996-02-25,18.92,-155.27,0.0,1996-08-09
52,455,3891,1996-07-28T11:04:34.250Z,18.9085,-155.272,13.908,2.76,1.72,1.95,0.05,1996-07-29,Kama'ehuakanaloa,United States,Submarine volcano,1996-02-25,18.92,-155.27,0.0,1996-08-09
53,456,3892,1996-07-28T10:52:11.650Z,18.9151667,-155.279,15.808,3.01,2.35,15.22,0.04,1996-07-29,Kama'ehuakanaloa,United States,Submarine volcano,1996-02-25,18.92,-155.27,0.0,1996-08-09
54,457,3893,1996-07-28T09:38:42.110Z,18.9053333,-155.266,13.998,3.15,1.52,2.69,,1996-07-29,Kama'ehuakanaloa,United States,Submarine volcano,1996-02-25,18.92,-155.27,0.0,1996-08-09
55,458,3894,1996-07-28T09:30:21.330Z,18.884,-155.2566667,6.892,4.86,0.82,0.65,,1996-07-29,Kama'ehuakanaloa,United States,Submarine volcano,1996-02-25,18.92,-155.27,0.0,1996-08-09
56,459,3895,1996-07-28T09:29:55.320Z,18.9243333,-155.2808333,14.978,2.94,1.33,4.53,,1996-07-29,Kama'ehuakanaloa,United States,Submarine volcano,1996-02-25,18.92,-155.27,0.0,1996-08-09
57,460,3896,1996-07-28T09:16:58.480Z,18.9255,-155.2738333,15.812,3.29,1.98,14.41,0.04,1996-07-29,Kama'ehuakanaloa,United States,Submarine volcano,1996-02-25,18.92,-155.27,0.0,1996-08-09
58,461,3898,1996-07-28T08:41:59.970Z,18.9546667,-155.2711667,7.501,2.77,1.06,1.71,0.07,1996-07-29,Kama'ehuakanaloa,United States,Submarine volcano,1996-02-25,18.92,-155.27,0.0,1996-08-09
59,462,3900,1996-07-28T07:52:34.470Z,18.8831667,-155.2333333,6.03,2.92,1.07,1.89,0.09,1996-07-29,Kama'ehuakanaloa,United States,Submarine volcano,1996-02-25,18.92,-155.27,0.0,1996-08-09
60,463,3901,1996-07-28T07:44:13.730Z,18.9068333,-155.264,14.372,4.42,2.37,5.62,,1996-07-29,Kama'ehuakanaloa,United States,Submarine volcano,1996-02-25,18.92,-155.27,0.0,1996-08-09
61,464,3902,1996-07-28T07:42:02.360Z,18.9023333,-155.2648333,13.508,4.42,1.89,1.48,,1996-07-29,Kama'ehuakanaloa,United States,Submarine volcano,1996-02-25,18.92,-155.27,0.0,1996-08-09
62,465,3905,1996-07-28T07:16:57.830Z,18.92,-155.2685,12.658,2.77,2.82,0.88,,1996-07-29,Kama'ehuakanaloa,United States,Submarine volcano,1996-02-25,18.92,-155.27,0.0,1996-08-09
63,466,3906,1996-07-28T06:50:19.060Z,18.9348333,-155.26,15.401,2.89,1.84,15.65,0.15,1996-07-29,Kama'ehuakanaloa,United States,Submarine volcano,1996-02-25,18.92,-155.27,0.0,1996-08-09
64,467,3908,1996-07-28T06:28:40.890Z,18.895,-155.2563333,12.158,2.8,2.29,1.07,0.02,1996-07-29,Kama'ehuakanaloa,United States,Submarine volcano,1996-02-25,18.92,-155.27,0.0,1996-08-09
65,468,3909,1996-07-28T06:23:47.660Z,18.9255,-155.2661667,11.58,2.68,1.14,0.61,0.16,1996-07-29,Kama'ehuakanaloa,United States,Submarine volcano,1996-02-25,18.92,-155.27,0.0,1996-08-09
66,469,3910,1996-07-28T06:21:06.720Z,18.9133333,-155.2615,11.038,2.66,2.0,0.79,,1996-07-29,Kama'ehuakanaloa,United States,Submarine volcano,1996-02-25,18.92,-155.27,0.0,1996-08-09
67,470,3911,1996-07-28T06:10:31.130Z,18.9118333,-155.2366667,11.26,2.5,0.96,0.61,0.11,1996-07-29,Kama'ehuakanaloa,United States,Submarine volcano,1996-02-25,18.92,-155.27,0.0,1996-08-09
68,471,3914,1996-07-28T05:37:06.970Z,18.9193333,-155.2686667,12.318,3.82,1.92,0.86,,1996-07-29,Kama'ehuakanaloa,United States,Submarine volcano,1996-02-25,18.92,-155.27,0.0,1996-08-09
69,472,3915,1996-07-28T05:36:14.650Z,18.9058333,-155.2405,6.96,2.58,1.52,2.22,0.04,1996-07-29,Kama'ehuakanaloa,United States,Submarine volcano,1996-02-25,18.92,-155.27,0.0,1996-08-09
70,473,3916,1996-07-28T05:31:33.470Z,18.9126667,-155.2675,12.128,3.06,2.38,0.96,,1996-07-29,Kama'ehuakanaloa,United States,Submarine volcano,1996-02-25,18.92,-155.27,0.0,1996-08-09
71,474,3917,1996-07-28T04:51:49.130Z,18.9055,-155.2646667,13.878,4.34,1.86,2.98,,1996-07-29,Kama'ehuakanaloa,United States,Submarine volcano,1996-02-25,18.92,-155.27,0.0,1996-08-09
72,475,3918,1996-07-28T04:39:04.580Z,18.9435,-155.2691667,14.131,3.27,1.42,1.16,,1996-07-29,Kama'ehuakanaloa,United States,Submarine volcano,1996-02-25,18.92,-155.27,0.0,1996-08-09
73,476,3919,1996-07-28T04:38:23.420Z,18.8978333,-155.2738333,10.478,2.5,1.21,0.59,,1996-07-29,Kama'ehuakanaloa,United States,Submarine volcano,1996-02-25,18.92,-155.27,0.0,1996-08-09
74,477,3920,1996-07-28T04:21:32.540Z,18.951,-155.3035,16.568,3.02,1.72,13.03,0.03,1996-07-29,Kama'ehuakanaloa,United States,Submarine volcano,1996-02-25,18.92,-155.27,0.0,1996-08-09
75,478,3922,1996-07-28T03:25:52.500Z,18.9011667,-155.271,13.618,2.73,3.0,1.49,0.1,1996-07-29,Kama'ehuakanaloa,United States,Submarine volcano,1996-02-25,18.92,-155.27,0.0,1996-08-09
76,479,3925,1996-07-28T02:37:40.990Z,18.908,-155.2715,13.158,2.54,2.85,1.31,0.07,1996-07-29,Kama'ehuakanaloa,United States,Submarine volcano,1996-02-25,18.92,-155.27,0.0,1996-08-09
77,480,3929,1996-07-28T01:44:27.960Z,18.9035,-155.2703333,13.268,4.16,2.84,1.16,,1996-07-28,Kama'ehuakanaloa,United States,Submarine volcano,1996-02-25,18.92,-155.27,0.0,1996-08-09
78,481,3930,1996-07-28T01:25:51.310Z,18.8861667,-155.2521667,10.998,3.33,2.96,0.74,0.07,1996-07-28,Kama'ehuakanaloa,United States,Submarine volcano,1996-02-25,18.92,-155.27,0.0,1996-08-09
79,482,3932,1996-07-28T01:10:38.680Z,18.9303333,-155.2685,13.881,3.24,1.33,1.02,,1996-07-28,Kama'ehuakanaloa,United States,Submarine volcano,1996-02-25,18.92,-155.27,0.0,1996-08-09
80,483,3934,1996-07-28T00:23:50.780Z,18.8976667,-155.2571667,22.6,2.51,1.17,5.61,0.11,1996-07-28,Kama'ehuakanaloa,United States,Submarine volcano,1996-02-25,18.92,-155.27,0.0,1996-08-09
81,484,3935,1996-07-27T23:59:11.900Z,18.9078333,-155.2636667,12.668,3.83,1.87,1.05,,1996-07-28,Kama'ehuakanaloa,United States,Submarine volcano,1996-02-25,18.92,-155.27,0.0,1996-08-09
82,485,3937,1996-07-27T23:37:36.720Z,18.9235,-155.2593333,13.571,2.8,2.16,1.18,0.1,1996-07-28,Kama'ehuakanaloa,United States,Submarine volcano,1996-02-25,18.92,-155.27,0.0,1996-08-09
83,486,3938,1996-07-27T23:08:06.710Z,18.9046667,-155.2881667,10.278,2.66,1.21,0.65,0.11,1996-07-28,Kama'ehuakanaloa,United States,Submarine volcano,1996-02-25,18.92,-155.27,0.0,1996-08-09
84,487,3939,1996-07-27T22:18:26.770Z,18.8961667,-155.2678333,10.898,4.04,1.57,0.83,,1996-07-28,Kama'ehuakanaloa,United States,Submarine volcano,1996-02-25,18.92,-155.27,0.0,1996-08-09
85,488,3941,1996-07-27T22:10:06.750Z,18.908,-155.2661667,13.998,4.42,2.21,3.55,,1996-07-28,Kama'ehuakanaloa,United States,Submarine volcano,1996-02-25,18.92,-155.27,0.0,1996-08-09
86,489,3942,1996-07-27T22:02:13.450Z,18.9043333,-155.2741667,11.318,4.58,1.81,0.85,,1996-07-28,Kama'ehuakanaloa,United States,Submarine volcano,1996-02-25,18.92,-155.27,0.0,1996-08-09
87,490,3943,1996-07-27T21:47:58.340Z,18.9125,-155.244,11.471,2.65,2.91,0.63,0.02,1996-07-28,Kama'ehuakanaloa,United States,Submarine volcano,1996-02-25,18.92,-155.27,0.0,1996-08-09
88,491,3944,1996-07-27T21:36:40.690Z,18.8921667,-155.2668333,13.378,2.95,2.62,1.37,0.02,1996-07-28,Kama'ehuakanaloa,United States,Submarine volcano,1996-02-25,18.92,-155.27,0.0,1996-08-09
89,492,3945,1996-07-27T20:54:15.260Z,18.9303333,-155.2748333,13.698,2.81,1.41,1.26,0.17,1996-07-28,Kama'ehuakanaloa,United States,Submarine volcano,1996-02-25,18.92,-155.27,0.0,1996-08-09
90,493,3946,1996-07-27T20:33:03.320Z,18.8995,-155.2716667,9.458,3.03,1.45,0.63,0.07,1996-07-28,Kama'ehuakanaloa,United States,Submarine volcano,1996-02-25,18.92,-155.27,0.0,1996-08-09
91,494,3947,1996-07-27T20:32:18.970Z,18.9168333,-155.2463333,27.511,2.81,1.47,3.99,0.06,1996-07-28,Kama'ehuakanaloa,United States,Submarine volcano,1996-02-25,18.92,-155.27,0.0,1996-08-09
92,495,3948,1996-07-27T20:29:48.180Z,18.9546667,-155.2723333,14.281,3.25,1.58,1.23,0.06,1996-07-28,Kama'ehuakanaloa,United States,Submarine volcano,1996-02-25,18.92,-155.27,0.0,1996-08-09
93,496,3949,1996-07-27T20:22:04.970Z,18.9221667,-155.2616667,11.701,2.71,1.03,0.63,0.12,1996-07-28,Kama'ehuakanaloa,United States,Submarine volcano,1996-02-25,18.92,-155.27,0.0,1996-08-09
94,497,3950,1996-07-27T19:55:10.140Z,18.9318333,-155.2851667,16.668,2.51,1.41,12.48,,1996-07-28,Kama'ehuakanaloa,United States,Submarine volcano,1996-02-25,18.92,-155.27,0.0,1996-08-09
95,498,3952,1996-07-27T13:05:48.880Z,18.9033333,-155.2631667,12.348,2.61,2.92,1.12,0.02,1996-07-28,Kama'ehuakanaloa,United States,Submarine volcano,1996-02-25,18.92,-155.27,0.0,1996-08-09
96,499,3953,1996-07-27T12:26:03.090Z,18.8828333,-155.2565,13.001,2.52,3.19,1.43,0.04,1996-07-28,Kama'ehuakanaloa,United States,Submarine volcano,1996-02-25,18.92,-155.27,0.0,1996-08-09
97,500,3954,1996-07-27T12:17:45.530Z,18.9231667,-155.2831667,12.108,4.0,1.83,0.76,,1996-07-28,Kama'ehuakanaloa,United States,Submarine volcano,1996-02-25,18.92,-155.27,0.0,1996-08-09
98,501,3956,1996-07-27T11:59:06.160Z,18.9046667,-155.2661667,13.578,3.24,1.96,1.5,,1996-07-28,Kama'ehuakanaloa,United States,Submarine volcano,1996-02-25,18.92,-155.27,0.0,1996-08-09
99,502,3959,1996-07-27T10:25:47.380Z,18.9075,-155.2686667,14.588,4.44,1.97,7.05,,1996-07-28,Kama'ehuakanaloa,United States,Submarine volcano,1996-02-25,18.92,-155.27,0.0,1996-08-09
100,503,3960,1996-07-27T10:15:02.030Z,18.8993333,-155.2631667,12.288,2.97,1.75,0.97,0.16,1996-07-28,Kama'ehuakanaloa,United States,Submarine volcano,1996-02-25,18.92,-155.27,0.0,1996-08-09
101,504,3961,1996-07-27T10:09:26.840Z,18.9053333,-155.2685,11.138,4.04,2.05,0.88,,1996-07-28,Kama'ehuakanaloa,United States,Submarine volcano,1996-02-25,18.92,-155.27,0.0,1996-08-09
102,505,3964,1996-07-27T08:05:39.110Z,18.9008333,-155.2708333,13.918,4.29,1.75,2.62,,1996-07-28,Kama'ehuakanaloa,United States,Submarine volcano,1996-02-25,18.92,-155.27,0.0,1996-08-09
103,506,3965,1996-07-27T08:04:35.910Z,18.8848333,-155.2558333,11.431,2.64,4.66,1.06,,1996-07-28,Kama'ehuakanaloa,United States,Submarine volcano,1996-02-25,18.92,-155.27,0.0,1996-08-09
104,507,3966,1996-07-27T07:35:27.860Z,18.8926667,-155.2683333,13.438,2.88,2.43,1.57,,1996-07-28,Kama'ehuakanaloa,United States,Submarine volcano,1996-02-25,18.92,-155.27,0.0,1996-08-09
105,508,3969,1996-07-27T05:25:32.310Z,18.9108333,-155.2405,11.121,2.79,1.95,0.67,,1996-07-28,Kama'ehuakanaloa,United States,Submarine volcano,1996-02-25,18.92,-155.27,0.0,1996-08-09
106,509,3970,1996-07-27T05:21:27.720Z,18.9371667,-155.2761667,14.398,2.69,2.09,1.51,0.05,1996-07-28,Kama'ehuakanaloa,United States,Submarine volcano,1996-02-25,18.92,-155.27,0.0,1996-08-09
107,510,3971,1996-07-27T04:53:46.210Z,18.9261667,-155.273,14.578,3.45,2.17,1.79,,1996-07-28,Kama'ehuakanaloa,United States,Submarine volcano,1996-02-25,18.92,-155.27,0.0,1996-08-09
108,511,3972,1996-07-27T04:27:38.230Z,18.9295,-155.2761667,15.178,3.99,2.02,13.95,,1996-07-28,Kama'ehuakanaloa,United States,Submarine volcano,1996-02-25,18.92,-155.27,0.0,1996-08-09
109,512,3973,1996-07-27T04:19:22.340Z,18.9121667,-155.282,13.758,2.55,1.86,1.27,0.1,1996-07-28,Kama'ehuakanaloa,United States,Submarine volcano,1996-02-25,18.92,-155.27,0.0,1996-08-09
110,513,3975,1996-07-27T03:33:23.790Z,18.8946667,-155.2656667,13.358,3.79,2.31,1.49,,1996-07-28,Kama'ehuakanaloa,United States,Submarine volcano,1996-02-25,18.92,-155.27,0.0,1996-08-09
111,514,3979,1996-07-27T01:21:05.570Z,18.909,-155.2536667,8.591,2.75,2.83,0.86,0.06,1996-07-28,Kama'ehuakanaloa,United States,Submarine volcano,1996-02-25,18.92,-155.27,0.0,1996-08-09
112,515,3980,1996-07-26T23:59:47.780Z,18.9376667,-155.2736667,14.782,3.28,1.2,2.17,0.13,1996-07-28,Kama'ehuakanaloa,United States,Submarine volcano,1996-02-25,18.92,-155.27,0.0,1996-08-09
113,516,3983,1996-07-26T22:02:32.160Z,18.8935,-155.262,13.268,4.07,1.69,1.31,,1996-07-28,Kama'ehuakanaloa,United States,Submarine volcano,1996-02-25,18.92,-155.27,0.0,1996-08-09
114,517,3986,1996-07-26T19:50:39.050Z,18.9053333,-155.2581667,12.778,2.6,2.55,0.99,0.2,1996-07-28,Kama'ehuakanaloa,United States,Submarine volcano,1996-02-25,18.92,-155.27,0.0,1996-08-09
115,518,3989,1996-07-26T16:25:45.130Z,18.9111667,-155.2686667,14.438,3.62,2.06,3.81,,1996-07-28,Kama'ehuakanaloa,United States,Submarine volcano,1996-02-25,18.92,-155.27,0.0,1996-08-09
116,519,3990,1996-07-26T15:50:59.650Z,18.897,-155.2673333,14.548,2.77,3.19,9.87,0.13,1996-07-28,Kama'ehuakanaloa,United States,Submarine volcano,1996-02-25,18.92,-155.27,0.0,1996-08-09
117,520,3991,1996-07-26T15:44:02.240Z,18.9128333,-155.2776667,15.018,3.9,2.03,11.81,,1996-07-28,Kama'ehuakanaloa,United States,Submarine volcano,1996-02-25,18.92,-155.27,0.0,1996-08-09
118,521,3992,1996-07-26T13:42:14.400Z,18.885,-155.2393333,9.532,2.79,2.13,0.8,,1996-07-28,Kama'ehuakanaloa,United States,Submarine volcano,1996-02-25,18.92,-155.27,0.0,1996-08-09
119,522,3993,1996-07-26T13:24:49.230Z,18.923,-155.2783333,16.738,4.4,1.87,12.83,,1996-07-28,Kama'ehuakanaloa,United States,Submarine volcano,1996-02-25,18.92,-155.27,0.0,1996-08-09
120,523,3994,1996-07-26T13:16:20.110Z,18.9003333,-155.2636667,9.278,2.82,1.49,0.71,0.05,1996-07-28,Kama'ehuakanaloa,United States,Submarine volcano,1996-02-25,18.92,-155.27,0.0,1996-08-09
121,524,3995,1996-07-26T12:19:38.780Z,18.889,-155.2678333,13.261,3.79,2.82,1.49,,1996-07-28,Kama'ehuakanaloa,United States,Submarine volcano,1996-02-25,18.92,-155.27,0.0,1996-08-09
122,525,3996,1996-07-26T11:25:01.990Z,18.889,-155.2655,13.052,2.89,3.14,1.34,,1996-07-28,Kama'ehuakanaloa,United States,Submarine volcano,1996-02-25,18.92,-155.27,0.0,1996-08-09
123,526,3998,1996-07-26T08:28:36.350Z,18.8885,-155.2591667,12.498,2.76,2.93,1.18,0.07,1996-07-27,Kama'ehuakanaloa,United States,Submarine volcano,1996-02-25,18.92,-155.27,0.0,1996-08-09
124,527,3999,1996-07-26T05:02:01.010Z,18.8971667,-155.2525,11.888,2.83,1.47,1.01,0.09,1996-07-27,Kama'ehuakanaloa,United States,Submarine volcano,1996-02-25,18.92,-155.27,0.0,1996-08-09
125,528,4000,1996-07-26T04:35:21.420Z,18.9045,-155.2738333,13.478,2.93,2.36,1.28,0.13,1996-07-27,Kama'ehuakanaloa,United States,Submarine volcano,1996-02-25,18.92,-155.27,0.0,1996-08-09
126,529,4002,1996-07-26T01:36:35.610Z,18.905,-155.2871667,5.938,2.91,2.64,1.39,0.04,1996-07-27,Kama'ehuakanaloa,United States,Submarine volcano,1996-02-25,18.92,-155.27,0.0,1996-08-09
127,530,4003,1996-07-26T00:16:18.000Z,18.9131667,-155.275,14.286,3.32,2.42,1.95,,1996-07-27,Kama'ehuakanaloa,United States,Submarine volcano,1996-02-25,18.92,-155.27,0.0,1996-08-09
128,531,4005,1996-07-25T17:03:23.220Z,18.8883333,-155.2666667,13.448,2.97,3.84,1.54,,1996-07-27,Kama'ehuakanaloa,United States,Submarine volcano,1996-02-25,18.92,-155.27,0.0,1996-08-09
129,532,4006,1996-07-25T15:16:22.530Z,18.8858333,-155.2731667,10.838,2.71,3.67,1.09,0.12,1996-07-27,Kama'ehuakanaloa,United States,Submarine volcano,1996-02-25,18.92,-155.27,0.0,1996-08-09
130,533,4008,1996-07-25T06:01:50.240Z,18.916,-155.2768333,14.728,2.5,1.09,2.0,0.08,1996-07-27,Kama'ehuakanaloa,United States,Submarine volcano,1996-02-25,18.92,-155.27,0.0,1996-08-09
131,534,4009,1996-07-25T05:29:46.910Z,18.9161667,-155.2818333,13.828,2.54,3.06,1.52,,1996-07-27,Kama'ehuakanaloa,United States,Submarine volcano,1996-02-25,18.92,-155.27,0.0,1996-08-09
132,535,4011,1996-07-25T04:25:04.910Z,18.9241667,-155.277,14.468,2.77,1.53,2.11,0.08,1996-07-27,Kama'ehuakanaloa,United States,Submarine volcano,1996-02-25,18.92,-155.27,0.0,1996-08-09
133,536,4012,1996-07-25T04:14:03.930Z,18.9,-155.25,10.0,4.2,,,,1996-07-27,Kama'ehuakanaloa,United States,Submarine volcano,1996-02-25,18.92,-155.27,0.0,1996-08-09
134,537,4013,1996-07-25T04:13:48.020Z,18.9133333,-155.2618333,14.928,4.0,3.76,6.78,,1996-07-27,Kama'ehuakanaloa,United States,Submarine volcano,1996-02-25,18.92,-155.27,0.0,1996-08-09
135,538,4015,1996-07-25T02:58:09.170Z,18.9203333,-155.2891667,12.656,3.91,1.55,1.78,,1996-07-27,Kama'ehuakanaloa,United States,Submarine volcano,1996-02-25,18.92,-155.27,0.0,1996-08-09
136,539,4016,1996-07-25T02:57:54.220Z,18.9088333,-155.2731667,13.968,2.58,2.67,1.79,,1996-07-27,Kama'ehuakanaloa,United States,Submarine volcano,1996-02-25,18.92,-155.27,0.0,1996-08-09
137,540,4017,1996-07-25T02:45:22.390Z,18.9285,-155.2881667,14.908,4.17,2.35,4.48,,1996-07-27,Kama'ehuakanaloa,United States,Submarine volcano,1996-02-25,18.92,-155.27,0.0,1996-08-09
138,541,4018,1996-07-25T02:44:07.400Z,18.9465,-155.2788333,25.658,2.87,2.24,3.53,,1996-07-27,Kama'ehuakanaloa,United States,Submarine volcano,1996-02-25,18.92,-155.27,0.0,1996-08-09
139,542,4021,1996-07-25T01:46:55.480Z,18.899,-155.275,11.2,3.06,1.62,0.81,0.05,1996-07-27,Kama'ehuakanaloa,United States,Submarine volcano,1996-02-25,18.92,-155.27,0.0,1996-08-09
140,543,4024,1996-07-24T23:55:04.430Z,18.9033333,-155.272,13.358,2.87,2.99,1.45,0.04,1996-07-27,Kama'ehuakanaloa,United States,Submarine volcano,1996-02-25,18.92,-155.27,0.0,1996-08-09
141,544,4025,1996-07-24T23:12:13.870Z,18.9038333,-155.2626667,13.538,3.25,2.01,1.6,,1996-07-27,Kama'ehuakanaloa,United States,Submarine volcano,1996-02-25,18.92,-155.27,0.0,1996-08-09
142,545,4028,1996-07-24T17:38:50.440Z,18.9153333,-155.2753333,13.948,4.91,1.75,1.52,,1996-07-27,Kama'ehuakanaloa,United States,Submarine volcano,1996-02-25,18.92,-155.27,0.0,1996-08-09
143,546,4029,1996-07-24T17:28:31.840Z,18.9258333,-155.2805,14.398,2.8,2.07,1.53,,1996-07-27,Kama'ehuakanaloa,United States,Submarine volcano,1996-02-25,18.92,-155.27,0.0,1996-08-09
144,547,4032,1996-07-24T16:55:31.680Z,18.928,-155.2738333,14.778,2.88,3.05,4.55,0.14,1996-07-27,Kama'ehuakanaloa,United States,Submarine volcano,1996-02-25,18.92,-155.27,0.0,1996-08-09
145,548,4033,1996-07-24T16:52:49.270Z,18.8876667,-155.267,13.358,4.12,1.31,1.29,,1996-07-27,Kama'ehuakanaloa,United States,Submarine volcano,1996-02-25,18.92,-155.27,0.0,1996-08-09
146,549,4036,1996-07-24T15:45:59.600Z,18.885,-155.2696667,12.708,2.85,2.77,1.02,,1996-07-27,Kama'ehuakanaloa,United States,Submarine volcano,1996-02-25,18.92,-155.27,0.0,1996-08-09
147,550,4037,1996-07-24T14:52:38.400Z,18.8986667,-155.2706667,13.948,3.26,1.89,3.22,,1996-07-27,Kama'ehuakanaloa,United States,Submarine volcano,1996-02-25,18.92,-155.27,0.0,1996-08-09
148,551,4038,1996-07-24T14:30:01.820Z,18.9158333,-155.271,13.738,2.59,3.05,1.71,,1996-07-27,Kama'ehuakanaloa,United States,Submarine volcano,1996-02-25,18.92,-155.27,0.0,1996-08-09
149,552,4043,1996-07-24T12:15:53.100Z,18.894,-155.2541667,13.681,2.61,4.4,2.98,0.15,1996-07-26,Kama'ehuakanaloa,United States,Submarine volcano,1996-02-25,18.92,-155.27,0.0,1996-08-09
150,553,4044,1996-07-24T12:09:00.370Z,18.9145,-155.275,13.988,2.68,1.73,1.42,0.01,1996-07-26,Kama'ehuakanaloa,United States,Submarine volcano,1996-02-25,18.92,-155.27,0.0,1996-08-09
151,554,4046,1996-07-24T10:54:21.410Z,18.9,-155.25,10.0,4.4,,,,1996-07-26,Kama'ehuakanaloa,United States,Submarine volcano,1996-02-25,18.92,-155.27,0.0,1996-08-09
152,555,4047,1996-07-24T10:54:05.890Z,18.8858333,-155.2645,13.24,4.6,2.42,1.45,,1996-07-26,Kama'ehuakanaloa,United States,Submarine volcano,1996-02-25,18.92,-155.27,0.0,1996-08-09
153,556,4048,1996-07-24T10:38:18.500Z,18.889,-155.2671667,13.638,2.52,3.29,1.76,0.2,1996-07-26,Kama'ehuakanaloa,United States,Submarine volcano,1996-02-25,18.92,-155.27,0.0,1996-08-09
154,557,4052,1996-07-24T09:42:41.490Z,18.9081667,-155.2615,13.271,2.56,5.14,1.33,0.25,1996-07-26,Kama'ehuakanaloa,United States,Submarine volcano,1996-02-25,18.92,-155.27,0.0,1996-08-09
155,558,4055,1996-07-24T08:51:53.730Z,18.8921667,-155.2585,12.988,4.11,1.93,1.52,,1996-07-26,Kama'ehuakanaloa,United States,Submarine volcano,1996-02-25,18.92,-155.27,0.0,1996-08-09
156,559,4056,1996-07-24T08:17:39.980Z,18.893,-155.2541667,12.628,2.72,4.43,1.16,,1996-07-26,Kama'ehuakanaloa,United States,Submarine volcano,1996-02-25,18.92,-155.27,0.0,1996-08-09
157,560,4057,1996-07-24T08:14:14.790Z,18.8916667,-155.2646667,13.508,2.56,3.43,1.8,0.08,1996-07-26,Kama'ehuakanaloa,United States,Submarine volcano,1996-02-25,18.92,-155.27,0.0,1996-08-09
158,561,4058,1996-07-24T08:07:15.590Z,18.8918333,-155.2618333,13.098,2.67,1.36,1.04,0.08,1996-07-26,Kama'ehuakanaloa,United States,Submarine volcano,1996-02-25,18.92,-155.27,0.0,1996-08-09
159,562,4059,1996-07-24T07:27:18.580Z,18.9038333,-155.2626667,12.858,3.4,3.62,1.45,0.01,1996-07-26,Kama'ehuakanaloa,United States,Submarine volcano,1996-02-25,18.92,-155.27,0.0,1996-08-09
160,563,4060,1996-07-24T07:10:46.530Z,18.9206667,-155.2818333,22.578,2.91,2.55,4.76,0.01,1996-07-26,Kama'ehuakanaloa,United States,Submarine volcano,1996-02-25,18.92,-155.27,0.0,1996-08-09
161,564,4062,1996-07-24T06:12:23.420Z,18.904,-155.2566667,10.358,4.34,1.66,0.78,,1996-07-26,Kama'ehuakanaloa,United States,Submarine volcano,1996-02-25,18.92,-155.27,0.0,1996-08-09
162,565,4064,1996-07-24T06:09:49.620Z,18.8926667,-155.2576667,11.058,3.0,2.02,1.08,,1996-07-26,Kama'ehuakanaloa,United States,Submarine volcano,1996-02-25,18.92,-155.27,0.0,1996-08-09
163,566,4065,1996-07-24T05:48:37.950Z,18.9125,-155.2635,13.6,4.07,1.24,1.59,,1996-07-26,Kama'ehuakanaloa,United States,Submarine volcano,1996-02-25,18.92,-155.27,0.0,1996-08-09
164,567,4066,1996-07-24T05:48:18.350Z,18.9331667,-155.2823333,24.078,2.81,2.47,3.76,0.13,1996-07-26,Kama'ehuakanaloa,United States,Submarine volcano,1996-02-25,18.92,-155.27,0.0,1996-08-09
165,568,4067,1996-07-24T05:04:11.560Z,18.9101667,-155.2823333,14.078,3.16,2.41,1.66,,1996-07-25,Kama'ehuakanaloa,United States,Submarine volcano,1996-02-25,18.92,-155.27,0.0,1996-08-09
166,569,4068,1996-07-24T04:31:24.840Z,18.8985,-155.265,13.438,2.65,3.44,1.46,,1996-07-25,Kama'ehuakanaloa,United States,Submarine volcano,1996-02-25,18.92,-155.27,0.0,1996-08-09
167,570,4069,1996-07-24T04:27:32.900Z,18.8986667,-155.2725,13.928,2.59,2.93,2.61,0.13,1996-07-25,Kama'ehuakanaloa,United States,Submarine volcano,1996-02-25,18.92,-155.27,0.0,1996-08-09
168,571,4071,1996-07-24T03:58:18.610Z,18.9066667,-155.2715,27.398,2.65,2.21,4.05,0.22,1996-07-25,Kama'ehuakanaloa,United States,Submarine volcano,1996-02-25,18.92,-155.27,0.0,1996-08-09
169,572,4072,1996-07-24T02:57:39.330Z,18.9121667,-155.2653333,13.408,3.93,1.95,1.36,,1996-07-25,Kama'ehuakanaloa,United States,Submarine volcano,1996-02-25,18.92,-155.27,0.0,1996-08-09
170,573,4074,1996-07-24T02:39:04.380Z,18.9045,-155.2728333,13.978,3.14,1.9,2.86,0.07,1996-07-25,Kama'ehuakanaloa,United States,Submarine volcano,1996-02-25,18.92,-155.27,0.0,1996-08-09
171,574,4077,1996-07-24T01:18:43.450Z,18.9355,-155.2725,17.141,3.5,2.01,11.69,,1996-07-25,Kama'ehuakanaloa,United States,Submarine volcano,1996-02-25,18.92,-155.27,0.0,1996-08-09
172,575,4081,1996-07-24T00:37:15.340Z,18.9235,-155.2835,14.718,3.32,2.13,2.94,,1996-07-25,Kama'ehuakanaloa,United States,Submarine volcano,1996-02-25,18.92,-155.27,0.0,1996-08-09
173,576,4082,1996-07-24T00:31:17.320Z,18.9335,-155.2751667,14.028,3.04,2.81,1.24,0.03,1996-07-25,Kama'ehuakanaloa,United States,Submarine volcano,1996-02-25,18.92,-155.27,0.0,1996-08-09
174,577,4084,1996-07-23T23:57:22.710Z,18.9216667,-155.278,20.891,2.73,4.79,5.43,,1996-07-25,Kama'ehuakanaloa,United States,Submarine volcano,1996-02-25,18.92,-155.27,0.0,1996-08-09
175,578,4085,1996-07-23T23:49:25.760Z,18.9156667,-155.271,9.378,2.77,2.9,1.24,0.1,1996-07-25,Kama'ehuakanaloa,United States,Submarine volcano,1996-02-25,18.92,-155.27,0.0,1996-08-09
176,579,4090,1996-07-23T22:45:54.130Z,18.8978333,-155.2743333,15.808,3.97,1.93,15.3,,1996-07-24,Kama'ehuakanaloa,United States,Submarine volcano,1996-02-25,18.92,-155.27,0.0,1996-08-09
177,580,4091,1996-07-23T22:45:23.960Z,18.9006667,-155.2725,13.868,2.72,1.68,2.34,0.16,1996-07-24,Kama'ehuakanaloa,United States,Submarine volcano,1996-02-25,18.92,-155.27,0.0,1996-08-09
178,581,4092,1996-07-23T22:11:44.710Z,18.8898333,-155.2646667,12.578,3.26,1.41,1.04,0.01,1996-07-24,Kama'ehuakanaloa,United States,Submarine volcano,1996-02-25,18.92,-155.27,0.0,1996-08-09
179,582,4095,1996-07-23T21:11:12.830Z,18.9098333,-155.2693333,13.418,3.39,2.83,1.14,,1996-07-24,Kama'ehuakanaloa,United States,Submarine volcano,1996-02-25,18.92,-155.27,0.0,1996-08-09
180,583,4096,1996-07-23T20:30:45.450Z,18.9211667,-155.2681667,14.098,3.94,1.77,2.08,,1996-07-24,Kama'ehuakanaloa,United States,Submarine volcano,1996-02-25,18.92,-155.27,0.0,1996-08-09
181,584,4097,1996-07-23T20:10:49.770Z,18.92,-155.2555,13.261,2.89,2.35,1.16,,1996-07-24,Kama'ehuakanaloa,United States,Submarine volcano,1996-02-25,18.92,-155.27,0.0,1996-08-09
182,585,4098,1996-07-23T19:52:58.650Z,18.9273333,-155.2773333,13.604,2.66,4.14,1.88,,1996-07-24,Kama'ehuakanaloa,United States,Submarine volcano,1996-02-25,18.92,-155.27,0.0,1996-08-09
183,586,4102,1996-07-23T15:41:16.880Z,18.9271667,-155.2628333,14.241,2.8,2.7,1.71,0.16,1996-07-24,Kama'ehuakanaloa,United States,Submarine volcano,1996-02-25,18.92,-155.27,0.0,1996-08-09
184,587,4103,1996-07-23T15:06:30.500Z,18.9248333,-155.2741667,14.608,2.85,1.69,2.57,,1996-07-24,Kama'ehuakanaloa,United States,Submarine volcano,1996-02-25,18.92,-155.27,0.0,1996-08-09
185,588,4105,1996-07-23T13:30:41.780Z,18.8928333,-155.2566667,14.018,2.95,3.0,8.25,0.11,1996-07-24,Kama'ehuakanaloa,United States,Submarine volcano,1996-02-25,18.92,-155.27,0.0,1996-08-09
186,589,4107,1996-07-23T13:20:21.190Z,18.9156667,-155.2495,12.271,3.08,1.73,0.84,0.11,1996-07-24,Kama'ehuakanaloa,United States,Submarine volcano,1996-02-25,18.92,-155.27,0.0,1996-08-09
187,590,4108,1996-07-23T13:10:56.500Z,18.9191667,-155.2755,14.058,2.52,2.75,1.49,0.1,1996-07-24,Kama'ehuakanaloa,United States,Submarine volcano,1996-02-25,18.92,-155.27,0.0,1996-08-09
188,591,4109,1996-07-23T12:59:52.440Z,18.9138333,-155.2696667,14.748,4.17,1.9,5.92,,1996-07-24,Kama'ehuakanaloa,United States,Submarine volcano,1996-02-25,18.92,-155.27,0.0,1996-08-09
189,592,4111,1996-07-23T12:01:35.750Z,18.9015,-155.2538333,12.313,2.84,1.74,1.24,,1996-07-24,Kama'ehuakanaloa,United States,Submarine volcano,1996-02-25,18.92,-155.27,0.0,1996-08-09
190,593,4113,1996-07-23T11:36:14.510Z,18.9211667,-155.2658333,15.538,3.0,2.48,13.34,0.07,1996-07-24,Kama'ehuakanaloa,United States,Submarine volcano,1996-02-25,18.92,-155.27,0.0,1996-08-09
191,594,4114,1996-07-23T11:32:03.620Z,18.9055,-155.268,13.736,4.07,1.33,1.65,,1996-07-24,Kama'ehuakanaloa,United States,Submarine volcano,1996-02-25,18.92,-155.27,0.0,1996-08-09
192,595,4116,1996-07-23T10:59:45.390Z,18.9161667,-155.2846667,10.181,3.19,3.65,0.75,,1996-07-24,Kama'ehuakanaloa,United States,Submarine volcano,1996-02-25,18.92,-155.27,0.0,1996-08-09
193,596,4117,1996-07-23T10:46:48.130Z,18.9165,-155.274,14.038,4.16,1.96,1.38,,1996-07-24,Kama'ehuakanaloa,United States,Submarine volcano,1996-02-25,18.92,-155.27,0.0,1996-08-09
194,597,4120,1996-07-23T09:41:37.720Z,18.8975,-155.2623333,13.528,4.32,1.2,1.58,,1996-07-24,Kama'ehuakanaloa,United States,Submarine volcano,1996-02-25,18.92,-155.27,0.0,1996-08-09
195,598,4121,1996-07-23T09:39:14.450Z,18.8945,-155.2468333,12.641,3.0,4.34,1.42,,1996-07-24,Kama'ehuakanaloa,United States,Submarine volcano,1996-02-25,18.92,-155.27,0.0,1996-08-09
196,599,4122,1996-07-23T09:06:30.670Z,18.9031667,-155.2763333,13.888,2.82,2.42,1.74,0.16,1996-07-24,Kama'ehuakanaloa,United States,Submarine volcano,1996-02-25,18.92,-155.27,0.0,1996-08-09
197,600,4123,1996-07-23T08:50:08.620Z,18.9188333,-155.2745,14.448,4.21,2.01,2.56,,1996-07-24,Kama'ehuakanaloa,United States,Submarine volcano,1996-02-25,18.92,-155.27,0.0,1996-08-09
198,601,4124,1996-07-23T07:27:56.070Z,18.8933333,-155.271,13.788,2.54,3.7,2.28,,1996-07-24,Kama'ehuakanaloa,United States,Submarine volcano,1996-02-25,18.92,-155.27,0.0,1996-08-09
199,602,4126,1996-07-23T07:04:06.700Z,18.8903333,-155.246,11.588,3.02,1.56,0.93,0.19,1996-07-24,Kama'ehuakanaloa,United States,Submarine volcano,1996-02-25,18.92,-155.27,0.0,1996-08-09
200,603,4130,1996-07-23T05:13:53.330Z,18.8993333,-155.2661667,11.068,4.04,1.81,0.84,,1996-07-24,Kama'ehuakanaloa,United States,Submarine volcano,1996-02-25,18.92,-155.27,0.0,1996-08-09
201,604,4131,1996-07-23T05:09:07.200Z,18.9166667,-155.2621667,12.298,3.04,1.48,0.84,0.02,1996-07-24,Kama'ehuakanaloa,United States,Submarine volcano,1996-02-25,18.92,-155.27,0.0,1996-08-09
202,605,4132,1996-07-23T04:55:56.370Z,18.8983333,-155.2685,13.458,3.94,1.89,1.41,,1996-07-24,Kama'ehuakanaloa,United States,Submarine volcano,1996-02-25,18.92,-155.27,0.0,1996-08-09
203,606,4133,1996-07-23T04:12:24.500Z,18.9061667,-155.2635,11.698,3.81,2.0,0.86,,1996-07-24,Kama'ehuakanaloa,United States,Submarine volcano,1996-02-25,18.92,-155.27,0.0,1996-08-09
204,607,4135,1996-07-23T03:43:26.420Z,18.9238333,-155.265,13.858,2.93,2.93,1.47,,1996-07-24,Kama'ehuakanaloa,United States,Submarine volcano,1996-02-25,18.92,-155.27,0.0,1996-08-09
205,608,4137,1996-07-23T03:34:47.030Z,18.9175,-155.2653333,14.088,4.3,1.84,2.38,,1996-07-24,Kama'ehuakanaloa,United States,Submarine volcano,1996-02-25,18.92,-155.27,0.0,1996-08-09
206,609,4138,1996-07-23T03:12:29.770Z,18.911,-155.2701667,13.568,4.5,2.01,1.32,,1996-07-24,Kama'ehuakanaloa,United States,Submarine volcano,1996-02-25,18.92,-155.27,0.0,1996-08-09
207,610,4139,1996-07-23T02:46:10.320Z,18.9403333,-155.2648333,14.191,2.97,1.24,1.42,0.02,1996-07-24,Kama'ehuakanaloa,United States,Submarine volcano,1996-02-25,18.92,-155.27,0.0,1996-08-09
208,611,4140,1996-07-23T02:39:18.390Z,18.9281667,-155.2581667,33.111,3.01,1.88,3.01,0.21,1996-07-24,Kama'ehuakanaloa,United States,Submarine volcano,1996-02-25,18.92,-155.27,0.0,1996-08-09
209,612,4143,1996-07-23T02:01:05.400Z,18.8896667,-155.2751667,13.298,2.58,2.76,1.33,0.09,1996-07-24,Kama'ehuakanaloa,United States,Submarine volcano,1996-02-25,18.92,-155.27,0.0,1996-08-09
210,613,4144,1996-07-23T01:04:46.910Z,18.9523333,-155.2698333,27.066,2.83,2.43,4.17,0.01,1996-07-24,Kama'ehuakanaloa,United States,Submarine volcano,1996-02-25,18.92,-155.27,0.0,1996-08-09
211,614,4145,1996-07-23T00:49:00.380Z,18.9196667,-155.2738333,18.898,4.3,2.24,6.99,,1996-07-24,Kama'ehuakanaloa,United States,Submarine volcano,1996-02-25,18.92,-155.27,0.0,1996-08-09
212,615,4148,1996-07-23T00:10:46.220Z,18.9138333,-155.2765,14.266,4.03,1.74,2.51,,1996-07-23,Kama'ehuakanaloa,United States,Submarine volcano,1996-02-25,18.92,-155.27,0.0,1996-08-09
213,616,4149,1996-07-22T23:11:39.430Z,18.9251667,-155.2585,13.391,3.21,2.59,1.28,,1996-07-23,Kama'ehuakanaloa,United States,Submarine volcano,1996-02-25,18.92,-155.27,0.0,1996-08-09
214,617,4151,1996-07-22T22:36:42.970Z,18.927,-155.269,17.066,4.24,1.79,11.93,,1996-07-23,Kama'ehuakanaloa,United States,Submarine volcano,1996-02-25,18.92,-155.27,0.0,1996-08-09
215,618,4152,1996-07-22T22:35:37.810Z,18.9411667,-155.267,14.041,3.14,1.3,1.06,0.09,1996-07-23,Kama'ehuakanaloa,United States,Submarine volcano,1996-02-25,18.92,-155.27,0.0,1996-08-09
216,619,4154,1996-07-22T21:07:28.300Z,18.9243333,-155.2688333,13.698,4.18,1.76,1.12,,1996-07-23,Kama'ehuakanaloa,United States,Submarine volcano,1996-02-25,18.92,-155.27,0.0,1996-08-09
217,620,4155,1996-07-22T20:33:28.300Z,18.91,-155.2611667,13.798,3.13,1.64,1.84,0.01,1996-07-23,Kama'ehuakanaloa,United States,Submarine volcano,1996-02-25,18.92,-155.27,0.0,1996-08-09
218,621,4156,1996-07-22T20:21:17.150Z,18.896,-155.269,13.808,3.0,2.01,2.48,0.18,1996-07-23,Kama'ehuakanaloa,United States,Submarine volcano,1996-02-25,18.92,-155.27,0.0,1996-08-09
219,622,4157,1996-07-22T20:15:54.880Z,18.9153333,-155.2613333,13.818,2.69,2.17,1.72,0.18,1996-07-23,Kama'ehuakanaloa,United States,Submarine volcano,1996-02-25,18.92,-155.27,0.0,1996-08-09
220,623,4158,1996-07-22T19:56:14.620Z,18.9553333,-155.2793333,13.449,2.75,5.71,1.24,,1996-07-23,Kama'ehuakanaloa,United States,Submarine volcano,1996-02-25,18.92,-155.27,0.0,1996-08-09
221,624,4160,1996-07-22T18:59:18.960Z,18.9205,-155.2835,16.308,2.98,2.8,13.67,0.05,1996-07-23,Kama'ehuakanaloa,United States,Submarine volcano,1996-02-25,18.92,-155.27,0.0,1996-08-09
222,625,4166,1996-07-22T17:13:54.840Z,18.8983333,-155.251,11.418,2.59,2.31,0.79,0.31,1996-07-23,Kama'ehuakanaloa,United States,Submarine volcano,1996-02-25,18.92,-155.27,0.0,1996-08-09
223,626,4167,1996-07-22T16:46:56.380Z,18.9041667,-155.2656667,13.708,4.16,1.61,2.11,,1996-07-23,Kama'ehuakanaloa,United States,Submarine volcano,1996-02-25,18.92,-155.27,0.0,1996-08-09
224,627,4168,1996-07-22T16:36:20.260Z,18.8993333,-155.2508333,11.638,2.89,1.59,0.78,0.34,1996-07-23,Kama'ehuakanaloa,United States,Submarine volcano,1996-02-25,18.92,-155.27,0.0,1996-08-09
225,628,4169,1996-07-22T15:56:24.560Z,18.8846667,-155.247,13.378,2.91,2.37,1.86,0.03,1996-07-23,Kama'ehuakanaloa,United States,Submarine volcano,1996-02-25,18.92,-155.27,0.0,1996-08-09
226,629,4170,1996-07-22T15:17:37.360Z,18.918,-155.2743333,13.828,4.16,2.99,1.71,,1996-07-23,Kama'ehuakanaloa,United States,Submarine volcano,1996-02-25,18.92,-155.27,0.0,1996-08-09
227,630,4171,1996-07-22T15:08:48.500Z,18.9055,-155.2611667,13.838,2.94,2.38,1.83,0.13,1996-07-23,Kama'ehuakanaloa,United States,Submarine volcano,1996-02-25,18.92,-155.27,0.0,1996-08-09
228,631,4173,1996-07-22T14:50:59.150Z,18.935,-155.2686667,13.811,4.06,1.63,1.19,,1996-07-23,Kama'ehuakanaloa,United States,Submarine volcano,1996-02-25,18.92,-155.27,0.0,1996-08-09
229,632,4174,1996-07-22T14:47:37.200Z,18.9063333,-155.256,13.408,2.62,2.34,1.55,0.05,1996-07-23,Kama'ehuakanaloa,United States,Submarine volcano,1996-02-25,18.92,-155.27,0.0,1996-08-09
230,633,4176,1996-07-22T14:34:58.200Z,18.8911667,-155.268,7.508,2.91,1.62,1.05,0.08,1996-07-23,Kama'ehuakanaloa,United States,Submarine volcano,1996-02-25,18.92,-155.27,0.0,1996-08-09
231,634,4177,1996-07-22T14:28:53.580Z,18.9096667,-155.2751667,15.448,2.87,2.73,13.49,0.11,1996-07-23,Kama'ehuakanaloa,United States,Submarine volcano,1996-02-25,18.92,-155.27,0.0,1996-08-09
232,635,4178,1996-07-22T14:09:49.180Z,18.8881667,-155.2591667,12.238,4.02,1.84,1.25,,1996-07-23,Kama'ehuakanaloa,United States,Submarine volcano,1996-02-25,18.92,-155.27,0.0,1996-08-09
233,636,4179,1996-07-22T13:12:08.840Z,18.9403333,-155.2685,14.866,2.75,1.41,3.2,0.07,1996-07-23,Kama'ehuakanaloa,United States,Submarine volcano,1996-02-25,18.92,-155.27,0.0,1996-08-09
234,637,4180,1996-07-22T13:02:49.160Z,18.9191667,-155.2695,14.518,2.51,2.61,3.31,0.07,1996-07-23,Kama'ehuakanaloa,United States,Submarine volcano,1996-02-25,18.92,-155.27,0.0,1996-08-09
235,638,4181,1996-07-22T12:33:15.250Z,18.8998333,-155.2525,12.918,2.83,2.24,1.32,0.25,1996-07-23,Kama'ehuakanaloa,United States,Submarine volcano,1996-02-25,18.92,-155.27,0.0,1996-08-09
236,639,4182,1996-07-22T12:31:23.530Z,18.8938333,-155.2768333,10.046,3.21,1.41,0.96,0.05,1996-07-23,Kama'ehuakanaloa,United States,Submarine volcano,1996-02-25,18.92,-155.27,0.0,1996-08-09
237,640,4184,1996-07-22T12:05:19.760Z,18.926,-155.2695,14.228,3.09,2.28,1.82,0.14,1996-07-23,Kama'ehuakanaloa,United States,Submarine volcano,1996-02-25,18.92,-155.27,0.0,1996-08-09
238,641,4187,1996-07-22T11:01:06.000Z,18.915,-155.2725,13.058,2.64,1.53,0.98,0.06,1996-07-23,Kama'ehuakanaloa,United States,Submarine volcano,1996-02-25,18.92,-155.27,0.0,1996-08-09
239,642,4191,1996-07-22T10:13:56.070Z,18.901,-155.2735,9.648,3.02,2.42,0.85,0.09,1996-07-23,Kama'ehuakanaloa,United States,Submarine volcano,1996-02-25,18.92,-155.27,0.0,1996-08-09
240,643,4193,1996-07-22T09:19:19.930Z,18.899,-155.2721667,11.358,3.07,2.2,0.79,0.03,1996-07-23,Kama'ehuakanaloa,United States,Submarine volcano,1996-02-25,18.92,-155.27,0.0,1996-08-09
241,644,4194,1996-07-22T08:47:01.780Z,18.9036667,-155.2646667,11.858,3.03,2.03,0.84,0.05,1996-07-23,Kama'ehuakanaloa,United States,Submarine volcano,1996-02-25,18.92,-155.27,0.0,1996-08-09
242,645,4201,1996-07-22T07:45:17.250Z,18.902,-155.2415,11.901,2.56,3.84,1.29,0.06,1996-07-23,Kama'ehuakanaloa,United States,Submarine volcano,1996-02-25,18.92,-155.27,0.0,1996-08-09
243,646,4202,1996-07-22T07:41:33.230Z,18.8925,-155.2665,11.698,3.26,1.97,0.93,0.09,1996-07-23,Kama'ehuakanaloa,United States,Submarine volcano,1996-02-25,18.92,-155.27,0.0,1996-08-09
244,647,4203,1996-07-22T07:25:46.270Z,18.9056667,-155.2538333,13.361,2.55,1.95,1.36,0.21,1996-07-23,Kama'ehuakanaloa,United States,Submarine volcano,1996-02-25,18.92,-155.27,0.0,1996-08-09
245,648,4205,1996-07-22T06:45:45.270Z,18.9128333,-155.2821667,14.268,3.09,1.44,1.53,0.08,1996-07-23,Kama'ehuakanaloa,United States,Submarine volcano,1996-02-25,18.92,-155.27,0.0,1996-08-09
246,649,4208,1996-07-22T05:09:35.980Z,18.8925,-155.2651667,13.378,2.95,2.03,1.74,0.07,1996-07-23,Kama'ehuakanaloa,United States,Submarine volcano,1996-02-25,18.92,-155.27,0.0,1996-08-09
247,650,4210,1996-07-22T04:27:39.910Z,18.9145,-155.2596667,13.011,2.85,3.4,1.15,0.04,1996-07-23,Kama'ehuakanaloa,United States,Submarine volcano,1996-02-25,18.92,-155.27,0.0,1996-08-09
248,651,4211,1996-07-22T04:08:58.680Z,18.886,-155.2646667,13.398,2.62,2.35,1.81,0.15,1996-07-23,Kama'ehuakanaloa,United States,Submarine volcano,1996-02-25,18.92,-155.27,0.0,1996-08-09
249,652,4212,1996-07-22T04:05:17.620Z,18.9058333,-155.2788333,13.663,3.05,1.15,1.21,,1996-07-22,Kama'ehuakanaloa,United States,Submarine volcano,1996-02-25,18.92,-155.27,0.0,1996-08-09
250,653,4213,1996-07-22T04:04:49.340Z,18.8846667,-155.2731667,12.986,4.2,1.06,0.86,,1996-07-22,Kama'ehuakanaloa,United States,Submarine volcano,1996-02-25,18.92,-155.27,0.0,1996-08-09
251,654,4214,1996-07-22T03:58:54.110Z,18.9293333,-155.2491667,11.481,2.58,3.41,0.66,,1996-07-22,Kama'ehuakanaloa,United States,Submarine volcano,1996-02-25,18.92,-155.27,0.0,1996-08-09
252,655,4216,1996-07-22T01:48:28.340Z,18.9188333,-155.247,12.271,2.77,4.02,0.85,0.01,1996-07-22,Kama'ehuakanaloa,United States,Submarine volcano,1996-02-25,18.92,-155.27,0.0,1996-08-09
253,656,4218,1996-07-22T01:09:10.420Z,18.9351667,-155.285,16.088,2.89,1.08,10.29,0.15,1996-07-22,Kama'ehuakanaloa,United States,Submarine volcano,1996-02-25,18.92,-155.27,0.0,1996-08-09
254,657,4219,1996-07-21T23:01:09.160Z,18.8978333,-155.2713333,13.428,2.98,1.61,1.2,0.14,1996-07-22,Kama'ehuakanaloa,United States,Submarine volcano,1996-02-25,18.92,-155.27,0.0,1996-08-09
255,658,4220,1996-07-21T22:33:40.610Z,18.9333333,-155.2801667,14.318,2.93,1.45,1.46,0.02,1996-07-22,Kama'ehuakanaloa,United States,Submarine volcano,1996-02-25,18.92,-155.27,0.0,1996-08-09
256,659,4222,1996-07-21T22:15:32.860Z,18.894,-155.2435,11.551,2.67,2.07,0.88,0.41,1996-07-22,Kama'ehuakanaloa,United States,Submarine volcano,1996-02-25,18.92,-155.27,0.0,1996-08-09
257,660,4224,1996-07-21T20:29:14.540Z,18.9023333,-155.2736667,11.478,2.89,2.06,0.82,0.08,1996-07-22,Kama'ehuakanaloa,United States,Submarine volcano,1996-02-25,18.92,-155.27,0.0,1996-08-09
258,661,4225,1996-07-21T19:50:29.320Z,18.9035,-155.2601667,12.428,2.78,3.79,0.99,,1996-07-22,Kama'ehuakanaloa,United States,Submarine volcano,1996-02-25,18.92,-155.27,0.0,1996-08-09
259,662,4226,1996-07-21T17:26:17.980Z,18.9051667,-155.273,13.558,3.16,2.31,1.38,,1996-07-22,Kama'ehuakanaloa,United States,Submarine volcano,1996-02-25,18.92,-155.27,0.0,1996-08-09
260,663,4228,1996-07-21T14:25:00.520Z,18.8975,-155.2701667,13.418,2.58,2.59,1.07,0.16,1996-07-22,Kama'ehuakanaloa,United States,Submarine volcano,1996-02-25,18.92,-155.27,0.0,1996-08-09
261,664,4229,1996-07-21T14:17:15.640Z,18.9121667,-155.2671667,12.898,2.5,2.63,1.14,0.11,1996-07-22,Kama'ehuakanaloa,United States,Submarine volcano,1996-02-25,18.92,-155.27,0.0,1996-08-09
262,665,4232,1996-07-21T10:00:06.530Z,18.9306667,-155.2765,14.598,2.81,1.84,1.96,,1996-07-22,Kama'ehuakanaloa,United States,Submarine volcano,1996-02-25,18.92,-155.27,0.0,1996-08-09
